,Language,Global Speakers,Size,Status,Global Speakers Category
0,Abaza,49800.0,0,0,0
1,Abruzzese,31136914.044585988,1,0,1
2,Abruzzese,31136914.044585988,1,1,1
3,Acehnese,3500000.0,0,2,0
4,Acehnese,3500000.0,0,0,0
5,Adjoukrou,140000.0,0,0,0
6,Adyghe,117500.0,1,0,0
7,Afenmai,270000.0,0,0,0
8,African-American English,45109521.0,4,0,1
9,African-American English,45109521.0,4,0,1
10,African-American English,45109521.0,4,0,1
11,African-American English,45109521.0,4,0,1
12,African-American English,45109521.0,4,0,1
13,African-American English,45109521.0,4,0,1
14,African-American English,45109521.0,3,0,1
15,Afrikaans,17543580.0,1,2,0
16,Akan,9231300.0,1,0,0
17,Akan,9231300.0,1,0,0
18,Akan,9231300.0,3,0,0
19,Akan,9231300.0,2,1,0
20,Aklanon,525600.0,0,0,0
21,Algerian Arabic,32387600.0,2,0,1
22,Algerian Arabic,32387600.0,2,0,1
23,Alsatian,500000.0,1,0,0
24,Amdo Tibetan,1800000.0,2,0,0
25,Amdo Tibetan,1800000.0,1,2,0
26,American Sign Language,271700.0,3,0,0
27,American Sign Language,271700.0,3,0,0
28,American Sign Language,271700.0,3,0,0
29,American Sign Language,271700.0,3,0,0
30,American Sign Language,271700.0,3,0,0
31,Amharic,25880630.0,1,0,0
32,Amharic,25880630.0,1,0,0
33,Amharic,25880630.0,1,0,0
34,Amuzgo,45900.0,0,0,0
35,Anaang,2550000.0,1,0,0
36,Ancient Greek,31136914.044585988,0,3,1
37,Antigua and Barbuda Creole,150000.0,1,2,0
38,Ao,31136914.044585988,0,0,1
39,Appolo,412000.0,0,0,0
40,Apulo-Lucano,31136914.044585988,1,1,1
41,Arbëresh,380000.0,1,0,0
42,Arbëresh,380000.0,1,1,0
43,Arbëresh,380000.0,1,1,0
44,Argentine Spanish,45000000.0,2,0,1
45,Aromanian,181120.0,1,0,0
46,Aromanian,181120.0,2,0,0
47,Ashanti,3800000.0,2,0,0
48,Ashanti,3800000.0,1,0,0
49,Ashanti,3800000.0,1,0,0
50,Assamese,15329040.0,0,0,0
51,Assyrian Neo-Aramaic,587320.0,1,0,0
52,Asturian,560000.0,0,0,0
53,Australian English,24000000.0,2,0,0
54,Austrian German,8859000.0,2,2,0
55,Austrian German,8859000.0,1,0,0
56,Avar,766500.0,0,0,0
57,Avestan,31136914.044585988,2,4,1
58,Aymara,1677100.0,0,0,0
59,Azeri,9197760.0,1,2,0
60,Azeri,9197760.0,2,0,0
61,Azeri,9197760.0,2,0,0
62,Bafut,100000.0,0,0,0
63,Bahamian Creole,250000.0,1,2,0
64,Bahing,15250.0,0,0,0
65,Balanta-Ganja,96000.0,0,0,0
66,Balinese,3300000.0,1,0,0
67,Balkan Romani,809940.0,1,0,0
68,Balochi,4086000.0,0,0,0
69,Balti,392800.0,0,0,0
70,Balti,392800.0,1,0,0
71,Bambara,14102320.0,1,0,0
72,Bambara,14102320.0,2,0,0
73,Bambara,14102320.0,3,0,0
74,Banguingui,84000.0,0,0,0
75,Banjarese,3655000.0,0,0,0
76,Bantawa,195100.0,1,0,0
77,Baoulé,4650000.0,0,0,0
78,Baoulé,4650000.0,1,0,0
79,Baoulé,4650000.0,0,0,0
80,Baragaun,7500.0,0,0,0
81,Baragaun,7500.0,1,0,0
82,Baragaun,7500.0,1,0,0
83,Barbadian Creole,260000.0,2,0,0
84,Barbadian Creole,260000.0,1,0,0
85,Bartangi,80000.0,0,0,0
86,Basaa,300000.0,1,0,0
87,Basque,537860.0,1,1,0
88,Basque,537860.0,1,2,0
89,Basque,537860.0,1,0,0
90,Bassa,653000.0,1,0,0
91,Batak,3000000.0,1,0,0
92,Batak (Karo),600000.0,1,0,0
93,Batak (Toba),2000000.0,1,0,0
94,Bavarian,14359000.0,3,1,0
95,Bavarian,14359000.0,1,0,0
96,Baïnounk,20000.0,0,0,0
97,Belarusian,3843110.0,0,2,0
98,Belarusian,3843110.0,1,0,0
99,Belarusian,3843110.0,0,0,0
100,Belarusian,3843110.0,1,0,0
101,Belizean Creole,390000.0,2,0,0
102,Bemba,4110000.0,0,2,0
103,Beneventano,31136914.044585988,1,0,1
104,Bengali,77136760.11146498,4,0,1
105,Bengali,77136760.11146498,1,0,1
106,Bengali,77136760.11146498,3,0,1
107,Bengali,77136760.11146498,4,0,1
108,Bengali,77136760.11146498,0,1,1
109,Bengali,77136760.11146498,3,0,1
110,Bengali,77136760.11146498,3,0,1
111,Betawi Malay,5000000.0,0,0,0
112,Bhojpuri,52405300.0,1,0,1
113,Bhojpuri,52405300.0,1,2,1
114,Biblical Hebrew,31136914.044585988,2,4,1
115,Biblical Hebrew,31136914.044585988,2,4,1
116,Biblical Hebrew,31136914.044585988,2,4,1
117,Bicolano,31136914.044585988,1,0,1
118,Bicolano,31136914.044585988,0,1,1
119,Bishnupriya Manipuri,119600.0,1,0,0
120,Bislama,10000.0,0,2,0
121,Bolivian Quechua,1600000.0,1,0,0
122,Bolivian Spanish,4500000.0,2,0,0
123,Bolivian Spanish,4500000.0,2,0,0
124,Bomu,304000.0,0,0,0
125,Bontoc,41000.0,0,1,0
126,Bosnian,8779176.0,1,0,0
127,Bosnian,8779176.0,1,2,0
128,Bosnian,8779176.0,1,0,0
129,Brazilian Portuguese,77136760.11146498,2,0,1
130,Brazilian Portuguese,77136760.11146498,2,0,1
131,Brazilian Portuguese,77136760.11146498,2,0,1
132,Brazilian Portuguese,77136760.11146498,2,2,1
133,Breton,206000.0,0,1,0
134,Breton,206000.0,1,0,0
135,Breton,206000.0,1,1,0
136,Bribri,7000.0,0,0,0
137,British English,67886004.0,2,0,1
138,Buginese,4027800.0,0,0,0
139,Buginese,4027800.0,0,2,0
140,Bukhori,110600.0,1,2,0
141,Bukhori,110600.0,1,0,0
142,Bukhori,110600.0,3,0,0
143,Bulgarian,8144880.0,1,0,0
144,Bulgarian,8144880.0,1,0,0
145,Bulgarian Turkish,77136760.11146498,0,0,1
146,Buli,168000.0,0,0,0
147,Bumthang,20000.0,0,0,0
148,Burmese,42912350.0,0,2,1
149,Burmese,42912350.0,1,2,1
150,Burmese,42912350.0,1,2,1
151,Burmese,42912350.0,2,0,1
152,Burushaski,112000.0,0,0,0
153,Buryat,219000.0,1,0,0
154,Bzedukh,31136914.044585988,0,0,1
155,Bété,500000.0,0,0,0
156,Calabrese,31136914.044585988,1,0,1
157,Calabrese,31136914.044585988,1,1,1
158,Calabrese (Gioiosano),31136914.044585988,2,0,1
159,Calabrese (Sanfilese),31136914.044585988,2,0,1
160,Cameroonian Pidgin English,12000000.0,1,0,0
161,Camfranglais,31136914.044585988,1,0,1
162,Canadian English,37590000.0,2,2,1
163,Cantonese,73538610.0,3,0,1
164,Cantonese,73538610.0,1,0,1
165,Cantonese,73538610.0,3,0,1
166,Cantonese,73538610.0,4,0,1
167,Cantonese,73538610.0,4,0,1
168,Cantonese,73538610.0,3,0,1
169,Cape Verdean Creole,1191000.0,1,0,0
170,Cape Verdean Creole,1191000.0,0,0,0
171,Caribbean Hindustani,208100.0,0,0,0
172,Castilian Spanish,2408000.0,1,1,0
173,Castilian Spanish,2408000.0,2,2,0
174,Castilian Spanish,2408000.0,2,0,0
175,Catalan,9153310.0,1,2,0
176,Cebuano,15942480.0,2,0,0
177,Cebuano,15942480.0,0,0,0
178,Central American Spanish,44530000.0,3,0,1
179,Central American Spanish,44530000.0,2,0,1
180,Central American Spanish,44530000.0,3,0,1
181,Central American Spanish,44530000.0,3,0,1
182,Central American Spanish,44530000.0,1,0,1
183,Central American Spanish,44530000.0,2,0,1
184,Central Malay,400000.0,1,0,0
185,Chadian Arabic,1757300.0,0,2,0
186,Chak,4000.0,0,0,0
187,Chakhar Mongolian,31136914.044585988,0,0,1
188,Chakma,378000.0,0,0,0
189,Chaldean Neo-Aramaic,241610.0,0,0,0
190,Chamling,77000.0,0,0,0
191,Chamorro,64300.0,0,2,0
192,Changki,31136914.044585988,0,0,1
193,Changzhounese,77136760.11146498,1,0,1
194,Chantyal,4750.0,0,0,0
195,Chaouia,2178100.0,0,0,0
196,Chavacano,431000.0,0,0,0
197,Chechen,1502350.0,0,0,0
198,Chechen,1502350.0,0,0,0
199,Cherepon,132000.0,0,0,0
200,Cherokee,1520.0,0,2,0
201,Chewa,9690520.0,0,2,0
202,Chiga,1600000.0,0,0,0
203,Chilean Spanish,18729160.0,1,0,0
204,Chinantec,130000.0,0,0,0
205,Chinantec,130000.0,0,0,0
206,Chiricahua Apache,1500.0,0,0,0
207,Chittagonian,13000000.0,2,0,0
208,Chocha-ngacha,20000.0,0,0,0
209,Chuj,61630.0,0,0,0
210,Church Slavonic,31136914.044585988,0,4,1
211,Church Slavonic,31136914.044585988,2,4,1
212,Chuukese,100090.0,0,2,0
213,Chuvash,1282270.0,0,0,0
214,Cilentano,250000.0,1,0,0
215,Cilentano,250000.0,1,0,0
216,Cilentano,250000.0,1,0,0
217,Classical Arabic,31136914.044585988,3,4,1
218,Classical Arabic,31136914.044585988,2,4,1
219,Classical Arabic,31136914.044585988,3,4,1
220,Classical Arabic,31136914.044585988,3,4,1
221,Classical Armenian,31136914.044585988,2,4,1
222,Classical Armenian,31136914.044585988,2,4,1
223,Classical Latin,31136914.044585988,0,3,1
224,Classical Tibetan,1186710.0,1,2,0
225,Classical Tibetan,1186710.0,2,4,0
226,Colombian Spanish,49650000.0,2,0,1
227,Colombian Spanish,49650000.0,4,0,1
228,Colombian Spanish,49650000.0,2,0,1
229,Comorian,1100000.0,0,2,0
230,Coptic,31136914.044585988,2,4,1
231,Coptic,31136914.044585988,1,4,1
232,Coptic,31136914.044585988,1,4,1
233,Cretan Greek,634930.0,2,0,0
234,Crimean Tatar,541540.0,2,0,0
235,Croatian,6741420.0,1,2,0
236,Croatian,6741420.0,1,2,0
237,Croatian,6741420.0,2,0,0
238,Cuban Spanish,11340000.0,3,0,0
239,Cuban Spanish,11340000.0,2,0,0
240,Cuban Spanish,11340000.0,2,1,0
241,Cuicatec,8680.0,0,3,0
242,Cypriot Greek,700000.0,2,0,0
243,Cypriot Turkish,31136914.044585988,1,0,1
244,Czech,13386850.0,1,0,0
245,Czech,13386850.0,1,0,0
246,Dagaare,1100000.0,0,0,0
247,Dagbani,1160000.0,0,0,0
248,Dangme,1020000.0,1,0,0
249,Danish,5632990.0,0,1,0
250,Danish,5632990.0,1,0,0
251,Danube Swabian,230509.0,0,0,0
252,Darfurian Arabic,9241369.0,1,0,0
253,Dari,9000400.0,2,0,0
254,Dari,9000400.0,0,2,0
255,Dari,9000400.0,1,2,0
256,Dawei Burmese,31136914.044585988,0,2,1
257,Dawei Burmese,31136914.044585988,0,0,1
258,Denjongke,70300.0,0,0,0
259,Dhivehi,331000.0,0,2,0
260,Dinka,1352120.0,1,2,0
261,Dolpo,8000.0,0,0,0
262,Dominican Creole (English),43000.0,0,0,0
263,Dominican Creole (French),43000.0,0,0,0
264,Dominican Spanish,10630000.0,4,0,0
265,Dominican Spanish,10630000.0,4,0,0
266,Dominican Spanish,10630000.0,4,0,0
267,Dominican Spanish,10630000.0,4,0,0
268,Dominican Spanish,10630000.0,4,0,0
269,Dominican Spanish,10630000.0,4,0,0
270,Dominican Spanish,10630000.0,4,0,0
271,Duala,88000.0,0,0,0
272,Dungan,108400.0,0,0,0
273,Dutch,23069480.0,3,1,0
274,Dutch,23069480.0,2,0,0
275,Dutch,23069480.0,3,1,0
276,Dutch,23069480.0,2,0,0
277,Dyula,12486000.0,2,0,0
278,Dyula,12486000.0,0,0,0
279,Dyula,12486000.0,2,0,0
280,Dzongkha,237080.0,0,0,0
281,Dzongkha,237080.0,1,0,0
282,Eastern Armenian,3843000.0,2,0,0
283,Ebrié,152000.0,0,0,0
284,Ecclesiastical Latin,31136914.044585988,2,4,1
285,Ecclesiastical Latin,31136914.044585988,2,4,1
286,Ecuadorian Kichwa,1000000.0,2,0,0
287,Ecuadorian Kichwa,1000000.0,2,0,0
288,Ecuadorian Kichwa,1000000.0,2,0,0
289,Ecuadorian Spanish,17080000.0,3,0,0
290,Ecuadorian Spanish,17080000.0,2,0,0
291,Ecuadorian Spanish,17080000.0,3,0,0
292,Ecuadorian Spanish,17080000.0,2,0,0
293,Ecuadorian Spanish,17080000.0,4,0,0
294,Edo,1641670.0,0,0,0
295,Edo,1641670.0,1,0,0
296,Edo,1641670.0,1,0,0
297,Efik,2405260.0,2,0,0
298,Egyptian Arabic,64618100.0,2,0,1
299,Egyptian Arabic,64618100.0,2,0,1
300,Egyptian Arabic,64618100.0,3,0,1
301,Egyptian Arabic,64618100.0,2,0,1
302,Egyptian Arabic,64618100.0,1,0,1
303,Egyptian Judeo-Arabic,31136914.044585988,0,0,1
304,Emiliano,31136914.044585988,1,1,1
305,Emiliano,31136914.044585988,1,0,1
306,Esan,300000.0,1,0,0
307,Esperanto,2001000.0,1,2,0
308,Estonian,1252770.0,0,0,0
309,Estonian,1252770.0,1,2,0
310,Ewe,4685760.0,2,0,0
311,Ewe,4685760.0,0,0,0
312,Ewondo,578000.0,1,0,0
313,Falam Chin,107000.0,0,2,0
314,Falam Chin,107000.0,0,2,0
315,Fang,1106100.0,0,2,0
316,Fante,2700000.0,2,0,0
317,Fe'fe',140000.0,1,0,0
318,Fijian,670710.0,0,2,0
319,Finnish,6305020.0,1,1,0
320,Finnish,6305020.0,1,2,0
321,Finnish,6305020.0,2,0,0
322,Flemish,6500000.0,0,1,0
323,Fon,1935500.0,0,0,0
324,Frafra,663100.0,0,0,0
325,Franconian,31136914.044585988,0,0,1
326,French,77136760.11146498,3,0,1
327,French,77136760.11146498,2,0,1
328,French,77136760.11146498,2,2,1
329,French,77136760.11146498,3,0,1
330,French,77136760.11146498,2,0,1
331,French,77136760.11146498,2,0,1
332,French,77136760.11146498,2,0,1
333,French Guianese Creole,300000.0,0,0,0
334,Frisian,470000.0,0,1,0
335,Friulian,300000.0,1,1,0
336,Friulian,300000.0,1,0,0
337,Fujianese,50462190.0,4,0,1
338,Fujianese,50462190.0,4,0,1
339,Fujianese,50462190.0,4,0,1
340,Fujianese,50462190.0,4,0,1
341,Fulani,14485000.0,2,0,0
342,Fulani,14485000.0,2,0,0
343,Fulani,14485000.0,2,0,0
344,Fur,745800.0,0,0,0
345,Ga,745000.0,1,0,0
346,Gagnoa Bété,150000.0,1,0,0
347,Galician,2372000.0,2,0,0
348,Galician,2372000.0,2,0,0
349,Galician,2372000.0,1,0,0
350,Gallo-Italic,31136914.044585988,0,1,1
351,Gan,22100000.0,1,0,0
352,Garifuna,175000.0,1,0,0
353,Garifuna,175000.0,0,0,0
354,Garifuna,175000.0,2,0,0
355,Garifuna,175000.0,4,0,0
356,Garo,1270000.0,0,0,0
357,Geg Albanian,3856370.0,2,0,0
358,Geg Albanian,3856370.0,2,0,0
359,Geg Albanian,3856370.0,2,0,0
360,Geg Albanian,3856370.0,3,0,0
361,Gen-Gbe,325000.0,0,0,0
362,Georgian,3858920.0,1,0,0
363,Georgian,3858920.0,1,2,0
364,Georgian,3858920.0,2,0,0
365,German,77136760.11146498,4,1,1
366,German,77136760.11146498,2,0,1
367,German,77136760.11146498,1,0,1
368,German,77136760.11146498,3,0,1
369,German,77136760.11146498,4,1,1
370,Geʽez,31136914.044585988,1,4,1
371,Geʽez,31136914.044585988,1,4,1
372,Ghale,18000.0,0,0,0
373,Ghanaian English,31136914.044585988,3,0,1
374,Ghomala,350000.0,1,0,0
375,Gikuyu,6623000.0,0,0,0
376,Gikuyu,6623000.0,0,2,0
377,Gilbertese,119881.0,0,2,0
378,Gio,1534800.0,0,0,0
379,Gola,161000.0,0,0,0
380,Gottscheerisch,31136914.044585988,2,0,1
381,Gourmanché,1064200.0,0,0,0
382,Greek,13170460.0,2,0,0
383,Greek,13170460.0,2,1,0
384,Greek,13170460.0,3,0,0
385,Greek,13170460.0,2,0,0
386,Greek,13170460.0,2,0,0
387,Grenadian Creole,89000.0,2,0,0
388,Grenadian Creole,89000.0,2,0,0
389,Guadeloupean Creole,600000.0,0,0,0
390,Guarani,6162840.0,1,0,0
391,Guarani,6162840.0,1,0,0
392,Guiberoua Bété,130000.0,1,0,0
393,Guinea-Bissau Creole,1305800.0,0,0,0
394,Gujarati,60588970.0,4,0,1
395,Gujarati,60588970.0,2,2,1
396,Gujarati,60588970.0,4,0,1
397,Gujarati,60588970.0,2,0,1
398,Gulf Arabic,9750000.0,2,2,0
399,Gullah,250000.0,0,0,0
400,Gullah,250000.0,0,0,0
401,Gun-Gbe,934000.0,0,0,0
402,Gurage,1860000.0,0,0,0
403,Gurjar,1653000.0,0,0,0
404,Guro,500000.0,0,0,0
405,Gurung,381800.0,0,0,0
406,Gurung,381800.0,1,0,0
407,Guyanese Creole,50000.0,3,0,0
408,Guyanese Creole,50000.0,2,0,0
409,Guyanese Creole,50000.0,4,0,0
410,Guyanese Creole,50000.0,3,0,0
411,Gyalsumdo,200.0,0,0,0
412,Hainanese (Southern Min),50462190.0,2,0,1
413,Haitian Creole,7613800.0,4,0,0
414,Haitian Creole,7613800.0,2,0,0
415,Haitian Creole,7613800.0,4,0,0
416,Haitian Creole,7613800.0,4,0,0
417,Haitian Creole,7613800.0,2,0,0
418,Haketia,133016.0,0,0,0
419,Haketia,133016.0,0,0,0
420,Hakha Chin,210410.0,0,2,0
421,Hakka,48467490.0,1,0,1
422,Hakka,48467490.0,1,0,1
423,Hamgyŏng Korean (Joseonjok),3000000.0,2,0,0
424,Hasidic Yiddish,31136914.044585988,2,0,1
425,Hasidic Yiddish,31136914.044585988,4,0,1
426,Hasidic Yiddish,31136914.044585988,4,0,1
427,Hasidic Yiddish,31136914.044585988,4,0,1
428,Hassaniya Arabic,2840000.0,1,0,0
429,Hassaniya Arabic,2840000.0,1,0,0
430,Hausa,74930300.0,1,0,1
431,Hausa,74930300.0,1,0,1
432,Hausa,74930300.0,1,0,1
433,Hausa,74930300.0,1,0,1
434,Hawaiian,27200.0,0,2,0
435,Hawaiian English,600000.0,1,2,0
436,Hazara,8000000.0,1,0,0
437,Hebrew,9303950.0,1,0,0
438,Hebrew,9303950.0,3,0,0
439,Hebrew,9303950.0,2,0,0
440,Hebrew,9303950.0,2,0,0
441,Hebrew,9303950.0,3,0,0
442,Hebrew,9303950.0,2,0,0
443,Herero,211700.0,1,0,0
444,Hindi,77136760.11146498,4,0,1
445,Hindi,77136760.11146498,2,2,1
446,Hindi,77136760.11146498,3,0,1
447,Hindi,77136760.11146498,2,2,1
448,Hindi,77136760.11146498,3,0,1
449,Hmong,7710850.0,0,0,0
450,Hokkien,50462190.0,2,0,1
451,Hopi,6080.0,0,1,0
452,Hunanese,37300000.0,2,0,1
453,Hungarian,12574280.0,2,0,0
454,Hungarian,12574280.0,3,2,0
455,Hungarian,12574280.0,2,0,0
456,Hungarian,12574280.0,2,0,0
457,Hyolmo,10680.0,0,0,0
458,Ibaloy,116000.0,0,0,0
459,Ibaloy,116000.0,0,0,0
460,Ibanag,277000.0,0,0,0
461,Ibibio,9970000.0,1,0,0
462,Icelandic,300000.0,0,2,0
463,Igbo,27014190.0,2,0,0
464,Igbo,27014190.0,2,0,0
465,Igbo,27014190.0,2,0,0
466,Igbo,27014190.0,2,0,0
467,Igbo,27014190.0,2,0,0
468,Ilocano,6482100.0,0,0,0
469,Ilocano,6482100.0,2,0,0
470,Ilonggo,6246880.0,0,0,0
471,Ilonggo,6246880.0,0,0,0
472,Indian English,31136914.044585988,4,0,1
473,Indonesian,77136760.11146498,2,0,1
474,Indonesian,77136760.11146498,2,2,1
475,Ingush,322900.0,0,0,0
476,Intha Burmese,200000.0,0,2,0
477,Intha Burmese,200000.0,0,0,0
478,Inuktun,1200.0,0,1,0
479,Iranun,241000.0,0,0,0
480,Iraqi Arabic,15655900.0,1,0,0
481,Iraqi Judeo-Arabic,125120.0,1,0,0
482,Iraqi Judeo-Arabic,125120.0,1,0,0
483,Irish,1171000.0,1,2,0
484,Irish,1171000.0,2,2,0
485,Irish,1171000.0,1,0,0
486,Irish,1171000.0,0,2,0
487,Irish English,4904000.0,3,0,0
488,Irish English,4904000.0,4,0,0
489,Irish English,4904000.0,4,0,0
490,Irish English,4904000.0,4,0,0
491,Irish English,4904000.0,4,0,0
492,Irpino,5700000.0,1,0,0
493,Isan,21000000.0,1,0,0
494,Ishkashimi,3000.0,0,0,0
495,Istrioto,400.0,0,0,0
496,Istro-Romanian,1400.0,0,0,0
497,Istro-Romanian,1400.0,1,0,0
498,Istro-Veneto,31136914.044585988,0,0,1
499,Italian,67894920.0,2,0,1
500,Italian,67894920.0,3,0,1
501,Italian,67894920.0,3,1,1
502,Italian,67894920.0,3,0,1
503,Italian,67894920.0,3,1,1
504,Italian,67894920.0,3,0,1
505,Italian English,31136914.044585988,4,0,1
506,Italian English,31136914.044585988,4,0,1
507,Italian English,31136914.044585988,4,0,1
508,Italian English,31136914.044585988,4,0,1
509,Italian English,31136914.044585988,4,0,1
510,Ixil,83600.0,0,0,0
511,Iyengar Tamil,31136914.044585988,0,0,1
512,Jamaican Patois,3200000.0,4,0,0
513,Jamaican Patois,3200000.0,4,0,0
514,Jamaican Patois,3200000.0,4,0,0
515,Jamaican Patois,3200000.0,4,0,0
516,Jamaican Patois,3200000.0,2,0,0
517,Japanese,77136760.11146498,2,2,1
518,Japanese,77136760.11146498,0,1,1
519,Japanese,77136760.11146498,2,0,1
520,Japanese,77136760.11146498,3,0,1
521,Japanese,77136760.11146498,2,0,1
522,Javanese,68277600.0,1,0,1
523,Jersey Dutch,31136914.044585988,2,1,1
524,Jewish Babylonian Aramaic,31136914.044585988,3,4,1
525,Jewish Babylonian Aramaic,31136914.044585988,3,4,1
526,Jewish English,31136914.044585988,4,0,1
527,Jewish English,31136914.044585988,4,0,1
528,Jewish English,31136914.044585988,4,0,1
529,Jewish English,31136914.044585988,2,0,1
530,Jewish English,31136914.044585988,4,0,1
531,Jewish Neo-Aramaic (Bijar),10000.0,0,0,0
532,Jewish Neo-Aramaic (Sanandaj),31136914.044585988,0,2,1
533,Jewish Neo-Aramaic (Urmia),4500.0,1,0,0
534,Jewish Russian,31136914.044585988,4,0,1
535,Jola,45100.0,0,0,0
536,Juba Arabic,820000.0,0,0,0
537,Judeo-Crimean Tatar,202.0,0,1,0
538,Judeo-Georgian,31136914.044585988,0,0,1
539,Judeo-Greek,31136914.044585988,0,1,1
540,Judeo-Hamadani,31136914.044585988,0,0,1
541,Judeo-Isfahani,31136914.044585988,0,0,1
542,Judeo-Isfahani,31136914.044585988,0,0,1
543,Judeo-Kashani,31136914.044585988,0,0,1
544,Judeo-Shirazi,31136914.044585988,2,0,1
545,Judeo-Shirazi,31136914.044585988,2,0,1
546,Judeo-Spanish,133016.0,2,1,0
547,Judeo-Spanish,133016.0,2,1,0
548,Judeo-Spanish,133016.0,0,0,0
549,Judeo-Spanish,133016.0,0,0,0
550,Juhuri,80500.0,2,0,0
551,K'iche',1270000.0,0,0,0
552,K'iche',1270000.0,0,0,0
553,K'iche',1270000.0,1,0,0
554,Kabardian,1702500.0,1,0,0
555,Kabiye,984300.0,0,0,0
556,Kabli,31136914.044585988,1,2,1
557,Kabyle,5599200.0,0,0,0
558,Kachin,940000.0,0,2,0
559,Kadazan Dusun,31136914.044585988,0,1,1
560,Kaike,50.0,0,0,0
561,Kalabari,258000.0,0,0,0
562,Kalasha,5000.0,0,0,0
563,Kalderash Romani,200000.0,2,0,0
564,Kalmyk,431800.0,1,0,0
565,Kalmyk,431800.0,1,0,0
566,Kandhari,31136914.044585988,1,2,1
567,Kannada,56463310.0,2,0,1
568,Kannada,56463310.0,2,0,1
569,Kaqchikel,833000.0,0,0,0
570,Kaqchikel,833000.0,1,0,0
571,Kaqchikel,833000.0,0,0,0
572,Kaqchikel,833000.0,0,0,0
573,Karachay-Balkar,310400.0,0,0,0
574,Karachay-Balkar,310400.0,1,0,0
575,Karakalpak,635670.0,0,0,0
576,Karen,7000000.0,1,0,0
577,Karen,7000000.0,0,2,0
578,Karen,7000000.0,0,2,0
579,Kariu,18200.0,0,0,0
580,Kashmiri,6914780.0,0,0,0
581,Kassonke,711310.0,0,0,0
582,Kazakh,9980000.0,1,0,0
583,Kazakh,9980000.0,0,0,0
584,Khaling,15000.0,0,0,0
585,Khalkha Mongolian,2672080.0,1,0,0
586,Kham Magar,27000.0,0,0,0
587,Kham Tibetan,1380000.0,1,0,0
588,Kham Tibetan,1380000.0,1,0,0
589,Khmer,17591230.0,1,0,0
590,Khmer,17591230.0,2,0,0
591,Khowar,332200.0,0,0,0
592,Kikongo,6500000.0,2,1,0
593,Kikongo,6500000.0,0,0,0
594,Kimbundu,2100000.0,1,1,0
595,Kinaray-a,433000.0,0,0,0
596,Kinyarwanda,12120250.0,1,2,0
597,Kinyarwanda,12120250.0,1,0,0
598,Kirundi,10000000.0,0,2,0
599,Kissi,31136914.044585988,0,0,1
600,Kituba,5400000.0,0,0,0
601,Kodava,114000.0,1,0,0
602,Koine Greek,31136914.044585988,2,4,1
603,Koine Greek,31136914.044585988,2,4,1
604,Konkani,5889650.0,2,0,0
605,Konyak,244477.0,0,0,0
606,Konyanka,210000.0,1,0,0
607,Korean,77136760.11146498,3,2,1
608,Korean,77136760.11146498,4,0,1
609,Korean,77136760.11146498,2,0,1
610,Korean,77136760.11146498,2,0,1
611,Korean,77136760.11146498,4,0,1
612,Koryo-Mar,31136914.044585988,1,2,1
613,Koryo-Mar,31136914.044585988,1,0,1
614,Kota,39000.0,0,0,0
615,Koulounkalan,31136914.044585988,0,0,1
616,Kpelle,1220000.0,1,0,0
617,Krahn,214000.0,1,0,0
618,Kru,271000.0,1,0,0
619,Kulung,33000.0,0,0,0
620,Kumeyaay,440.0,0,0,0
621,Kuna,61000.0,0,0,0
622,Kuranko,461000.0,0,0,0
623,Kurdish,22132670.0,1,2,0
624,Kurdish,22132670.0,0,0,0
625,Kurtöp,15000.0,0,0,0
626,Kutchi,100000.0,1,2,0
627,Kyirong,600.0,0,0,0
628,Kyrgyz,4170000.0,1,0,0
629,Ladakhi,27000.0,1,0,0
630,Lahu,600000.0,0,0,0
631,Lahu,600000.0,0,2,0
632,Lakota,2100.0,0,3,0
633,Lamnso,125000.0,0,0,0
634,Lao,4230000.0,1,0,0
635,Lao,4230000.0,1,0,0
636,Larteh,74000.0,0,0,0
637,Latvian,1765910.0,0,0,0
638,Latvian,1765910.0,1,0,0
639,Lazuri,22000.0,0,0,0
640,Lemko,31136914.044585988,2,0,1
641,Lemko,31136914.044585988,0,0,1
642,Lemko,31136914.044585988,2,0,1
643,Lenape (Munsee),31136914.044585988,2,3,1
644,Lenape (Munsee),31136914.044585988,2,3,1
645,Lenape (Munsee),31136914.044585988,2,3,1
646,Lenape (Munsee),31136914.044585988,2,3,1
647,Lenape (Munsee),31136914.044585988,2,3,1
648,Lenape (Munsee),31136914.044585988,2,3,1
649,Lenape (Munsee),31136914.044585988,2,3,1
650,Lenape (Munsee),31136914.044585988,2,3,1
651,Lenape (Unami),31136914.044585988,3,3,1
652,Lezgi,633610.0,0,0,0
653,Liberian English,31136914.044585988,2,0,1
654,Libyan Arabic,4911800.0,1,0,0
655,Libyan Judeo-Arabic,35000.0,0,0,0
656,Ligurian,508210.0,1,1,0
657,Limba,442000.0,0,0,0
658,Limbu,407000.0,1,0,0
659,Limi,29000.0,0,0,0
660,Lingala,2260520.0,0,0,0
661,Lithuanian,3000600.0,1,2,0
662,Lithuanian,3000600.0,1,0,0
663,Lithuanian,3000600.0,1,0,0
664,Litvish Yiddish,31136914.044585988,2,0,1
665,Litvish Yiddish,31136914.044585988,2,0,1
666,Loke,7500.0,0,0,0
667,Loke,7500.0,1,0,0
668,Loke,7500.0,1,0,0
669,Loma,266000.0,0,0,0
670,Lombard,3903000.0,1,1,0
671,Lotha,180000.0,0,0,0
672,Lovari Romani,31136914.044585988,1,0,1
673,Low German,447360.0,2,0,0
674,Luba-Kasai,7060000.0,1,0,0
675,Luba-Katanga,1510000.0,1,0,0
676,Lucano,31136914.044585988,1,1,1
677,Lucano,31136914.044585988,1,1,1
678,Luganda,6564750.0,1,0,0
679,Lukumí,31136914.044585988,2,4,1
680,Lukumí,31136914.044585988,2,4,1
681,Lummi,31136914.044585988,0,3,1
682,Luo,4200000.0,0,0,0
683,Luri,1760000.0,0,0,0
684,Luxembourgish,471400.0,0,2,0
685,Macedonian,1620290.0,1,0,0
686,Macedonian,1620290.0,1,0,0
687,Macedonian,1620290.0,1,0,0
688,Macedonian,1620290.0,0,2,0
689,Machvaya Romani,31136914.044585988,1,1,1
690,Madurese,7790900.0,0,2,0
691,Madurese,7790900.0,0,0,0
692,Magar,308000.0,1,0,0
693,Maguindanao,1100000.0,0,0,0
694,Mahouka,300000.0,0,0,0
695,Maithili,34085000.0,1,0,1
696,Maithili,34085000.0,2,0,1
697,Makassarese,2530000.0,0,2,0
698,Makassarese,2530000.0,0,0,0
699,Malagasy,18138380.0,0,1,0
700,Malagasy,18138380.0,0,0,0
701,Malagasy,18138380.0,1,2,0
702,Malay,77136760.11146498,1,0,1
703,Malay,77136760.11146498,1,0,1
704,Malayalam,35495000.0,2,0,1
705,Malayalam,35495000.0,2,2,1
706,Malayalam,35495000.0,2,0,1
707,Malayalam,35495000.0,2,0,1
708,Maltese,481760.0,2,0,0
709,Mam,488500.0,1,0,0
710,Mam,488500.0,1,0,0
711,Mam,488500.0,1,0,0
712,Mam,488500.0,1,0,0
713,Mam,488500.0,1,0,0
714,Mamuju,60000.0,0,0,0
715,Manado Malay,2350000.0,1,0,0
716,Manang,390.0,1,0,0
717,Mandarin Chinese,77136760.11146498,3,0,1
718,Mandarin Chinese,77136760.11146498,3,0,1
719,Mandarin Chinese,77136760.11146498,1,0,1
720,Mandarin Chinese,77136760.11146498,4,0,1
721,Mandarin Chinese,77136760.11146498,4,0,1
722,Mandarin Chinese,77136760.11146498,4,0,1
723,Mandarin Chinese,77136760.11146498,4,0,1
724,Mandingo,154000.0,1,0,0
725,Mandinka,1325000.0,2,0,0
726,Mandinka,1325000.0,1,0,0
727,Mandinka,1325000.0,2,0,0
728,Mandjak,356800.0,0,0,0
729,Manggarai,900000.0,0,0,0
730,Maninka,1733000.0,2,0,0
731,Maninka,1733000.0,2,0,0
732,Maninka,1733000.0,1,0,0
733,Maninka,1733000.0,2,0,0
734,Mano,390000.0,0,0,0
735,Mapuche,258410.0,0,2,0
736,Maranao,866000.0,0,2,0
737,Maranao,866000.0,0,0,0
738,Marathi,77136760.11146498,2,0,1
739,Marathi,77136760.11146498,1,2,1
740,Marathi,77136760.11146498,0,2,1
741,Marchigiano,900000.0,1,0,0
742,Marka,185800.0,0,0,0
743,Marma,186700.0,0,0,0
744,Marshallese,61000.0,0,2,0
745,Martinican Creole,600000.0,0,0,0
746,Marwari,20591400.0,2,0,0
747,Masalit,440000.0,0,0,0
748,Matinecock,31136914.044585988,2,3,1
749,Mauritian Creole,1090000.0,0,0,0
750,Mazahua,100000.0,0,0,0
751,Mazahua,100000.0,0,0,0
752,Mazanderani,2340000.0,0,0,0
753,Mazatec,220000.0,0,0,0
754,Medumba,210000.0,1,0,0
755,Meitei,1775000.0,1,0,0
756,Memoni,1800000.0,1,0,0
757,Mende,1976000.0,0,0,0
758,Mende,1976000.0,0,0,0
759,Mende,1976000.0,1,0,0
760,Mexican Spanish,77136760.11146498,4,0,1
761,Mexican Spanish,77136760.11146498,4,0,1
762,Mexican Spanish,77136760.11146498,4,0,1
763,Mexican Spanish,77136760.11146498,4,0,1
764,Mexican Spanish,77136760.11146498,3,0,1
765,Mexican Spanish,77136760.11146498,4,0,1
766,Mien,813600.0,0,0,0
767,Minangkabau,6463000.0,1,0,0
768,Mingrelian,345530.0,0,0,0
769,Mixe,11600.0,0,0,0
770,Mixtec,500934.0,2,0,0
771,Mixtec,500934.0,1,0,0
772,Mixtec,500934.0,1,0,0
773,Mixtec,500934.0,1,0,0
774,Mixtec,500934.0,2,0,0
775,Mixtec,500934.0,1,0,0
776,Mohawk,3040.0,1,0,0
777,Mohican,31136914.044585988,2,3,1
778,Mohican,31136914.044585988,2,3,1
779,Mojave,200.0,0,0,0
780,Moldovan,24345750.0,0,0,0
781,Moldovan,24345750.0,1,0,0
782,Molisan,31136914.044585988,1,0,1
783,Molisan,31136914.044585988,1,0,1
784,Mon,851000.0,0,2,0
785,Mongo,400000.0,0,0,0
786,Monguor,152000.0,0,0,0
787,Montaukett,31136914.044585988,2,1,1
788,Montenegrin,2010000.0,1,0,0
789,Montenegrin,2010000.0,1,0,0
790,Montserrat Creole,7600.0,0,2,0
791,Moroccan Arabic,30500000.0,2,0,0
792,Moroccan Arabic,30500000.0,2,0,0
793,Moroccan Arabic,30500000.0,1,0,0
794,Moroccan Judeo-Arabic,31136914.044585988,1,0,1
795,Moroccan Judeo-Arabic,31136914.044585988,1,0,1
796,Moroccan Judeo-Arabic,31136914.044585988,0,0,1
797,Mossi,7829300.0,0,0,0
798,Mossi,7829300.0,1,0,0
799,Mossi,7829300.0,1,0,0
800,Mossi,7829300.0,1,0,0
801,Motu,39000.0,0,0,0
802,Mugu,7000.0,0,0,0
803,Munda,486000.0,0,0,0
804,Myene,45000.0,0,0,0
805,Māori,159700.0,0,2,0
806,Nachhiring,10000.0,0,0,0
807,Nagamese,31136914.044585988,1,0,1
808,Nahuatl,1740000.0,2,0,0
809,Nahuatl,1740000.0,2,0,0
810,Nahuatl,1740000.0,1,0,0
811,Nahuatl,1740000.0,2,0,0
812,Nahuatl,1740000.0,2,0,0
813,Nahuatl,1740000.0,1,0,0
814,Nar-Phu,600.0,0,0,0
815,Naso,3300.0,0,0,0
816,Native American English,31136914.044585988,4,2,1
817,Nauruan,10300.0,0,2,0
818,Navajo,167000.0,0,2,0
819,Ndebele,1634800.0,0,2,0
820,Ndebele,1634800.0,0,0,0
821,Neapolitan,5700000.0,2,1,0
822,Neapolitan,5700000.0,2,0,0
823,Neapolitan,5700000.0,3,1,0
824,Neapolitan,5700000.0,1,0,0
825,Neo-Mandaic,100.0,0,0,0
826,Nepali,20980000.0,2,0,0
827,Nepali,20980000.0,1,0,0
828,Nepali,20980000.0,1,0,0
829,Nepali,20980000.0,2,0,0
830,New Zealand English,4886000.0,2,0,0
831,Newari,879600.0,2,0,0
832,Newfoundland English,521542.0,2,1,0
833,Nigerian English,31136914.044585988,3,0,1
834,Ningbo,31136914.044585988,1,0,1
835,Noakhailla,31136914.044585988,2,0,1
836,Nones,31000.0,1,0,0
837,Nones,31000.0,1,1,0
838,North Frisian,10000.0,0,2,0
839,North Levantine Arabic,24200000.0,2,1,0
840,North Levantine Arabic,24200000.0,3,0,0
841,North Levantine Arabic,24200000.0,2,0,0
842,North Levantine Arabic,24200000.0,2,0,0
843,North Levantine Arabic,24200000.0,1,0,0
844,Northeastern Mandarin Chinese,31136914.044585988,2,0,1
845,Northern Fujianese,2191000.0,2,0,0
846,Northern Fujianese,2191000.0,2,0,0
847,Northern Sotho,13524520.0,0,0,0
848,Northern Thai,6029500.0,1,0,0
849,Norwegian,5000000.0,1,0,0
850,Norwegian,5000000.0,0,1,0
851,Norwegian,5000000.0,2,0,0
852,Nubian,31136914.044585988,0,0,1
853,Nubri,2000.0,1,0,0
854,Nuer,896280.0,0,2,0
855,Occitan,31136914.044585988,1,1,1
856,Odia,37091520.0,1,0,1
857,Ojibwe,25900.0,0,0,0
858,Ojibwe,25900.0,0,0,0
859,Okinawan,984000.0,0,0,0
860,Oromo,17465900.0,1,0,0
861,Oshiwambo,1481000.0,0,2,0
862,Ossetian,599250.0,0,0,0
863,Otomi,88500.0,1,0,0
864,Otomi,88500.0,1,0,0
865,P'urhépecha,55000.0,0,0,0
866,Pa'O,560000.0,0,2,0
867,Pakistani English,31136914.044585988,3,0,1
868,Pakistani English,31136914.044585988,3,0,1
869,Palatine German,400000.0,2,1,0
870,Palauan,18140.0,0,2,0
871,Palembang,3105000.0,0,0,0
872,Pali,31136914.044585988,1,4,1
873,Pali,31136914.044585988,1,4,1
874,Pampangan,2049670.0,1,0,0
875,Pana,8000.0,0,0,0
876,Panamanian English,31136914.044585988,2,0,1
877,Panamanian Spanish,2500000.0,2,0,0
878,Pangasinan,1243660.0,0,0,0
879,Pangasinan,1243660.0,0,0,0
880,Papantla Totonac,80000.0,0,0,0
881,Papiamento,341300.0,0,0,0
882,Paraguayan Spanish,6000000.0,1,0,0
883,Paraguayan Spanish,6000000.0,1,0,0
884,Pashto,38249700.0,2,0,1
885,Pashto,38249700.0,1,0,1
886,Pashto,38249700.0,1,0,1
887,Persian,61782560.0,2,0,1
888,Persian,61782560.0,2,0,1
889,Persian,61782560.0,1,0,1
890,Persian,61782560.0,2,0,1
891,Peruvian Quechua,7735620.0,1,0,0
892,Peruvian Quechua,7735620.0,0,0,0
893,Peruvian Spanish,31990000.0,2,0,1
894,Peruvian Spanish,31990000.0,2,0,1
895,Philippine English,31136914.044585988,2,0,1
896,Philippine English,31136914.044585988,4,0,1
897,Piedmontese,700000.0,0,1,0
898,Pijin,331400.0,0,2,0
899,Pochury,21654.0,0,0,0
900,Polish,40378030.0,3,0,1
901,Polish,40378030.0,2,0,1
902,Polish,40378030.0,3,0,1
903,Polish,40378030.0,3,0,1
904,Polish,40378030.0,1,0,1
905,Polish,40378030.0,2,0,1
906,Pontic Greek,778000.0,2,0,0
907,Pontic Greek,778000.0,2,0,0
908,Poqomchi',92200.0,0,0,0
909,Portuguese,77136760.11146498,2,0,1
910,Portuguese,77136760.11146498,0,1,1
911,Portuguese,77136760.11146498,2,0,1
912,Portuguese,77136760.11146498,2,0,1
913,Pothwari,31136914.044585988,0,0,1
914,Puerto Rican Sign Language,31136914.044585988,0,2,1
915,Puerto Rican Spanish,3194000.0,4,0,0
916,Puerto Rican Spanish,3194000.0,3,0,0
917,Puerto Rican Spanish,3194000.0,4,0,0
918,Puerto Rican Spanish,3194000.0,4,0,0
919,Puerto Rican Spanish,3194000.0,4,0,0
920,Puerto Rican Spanish,3194000.0,3,0,0
921,Puerto Rican Spanish,3194000.0,3,0,0
922,Pugliese (Barese),31136914.044585988,0,1,1
923,Pugliese (Bitettese),31136914.044585988,0,2,1
924,Pugliese (Casamassimese),31136914.044585988,0,0,1
925,Pugliese (Conversanese),31136914.044585988,1,0,1
926,Pugliese (Garganico),31136914.044585988,2,0,1
927,Pugliese (Grumese),31136914.044585988,0,0,1
928,Pugliese (Molese),31136914.044585988,1,0,1
929,Pugliese (Molese),31136914.044585988,1,0,1
930,Pugliese (Molfettese),31136914.044585988,2,0,1
931,Pugliese (Palese),31136914.044585988,0,0,1
932,Punjabi,77136760.11146498,2,0,1
933,Punjabi,77136760.11146498,2,0,1
934,Punjabi,77136760.11146498,2,0,1
935,Punjabi,77136760.11146498,3,0,1
936,Punjabi,77136760.11146498,0,2,1
937,Purgi,93500.0,0,0,0
938,Q'anjob'al,148340.0,0,0,0
939,Q'eqchi',733600.0,1,0,0
940,Quebec French,8485000.0,2,1,0
941,Quiripi,31136914.044585988,3,3,1
942,Rakhine,2020000.0,0,2,0
943,Rakhine,2020000.0,0,0,0
944,Ramaluk,31136914.044585988,3,0,1
945,Rangpuri,10801000.0,1,0,0
946,Rashti,31136914.044585988,0,0,1
947,Romagnol,31136914.044585988,0,2,1
948,Romani,1547690.0,2,1,0
949,Romani,1547690.0,1,0,0
950,Romanian,24345750.0,2,0,0
951,Romanian,24345750.0,2,0,0
952,Romanian,24345750.0,2,0,0
953,Romansh,40000.0,0,0,0
954,Rushani,18000.0,0,0,0
955,Rushani,18000.0,0,0,0
956,Russian,77136760.11146498,4,0,1
957,Russian,77136760.11146498,3,0,1
958,Russian,77136760.11146498,3,0,1
959,Russian,77136760.11146498,1,0,1
960,Russian,77136760.11146498,3,0,1
961,Russian,77136760.11146498,2,0,1
962,Rusyn,82960.0,1,2,0
963,Rusyn,82960.0,1,0,0
964,Rusyn,82960.0,0,0,0
965,Rusyn,82960.0,1,0,0
966,Sami,25700.0,0,1,0
967,Samoan,415720.0,0,2,0
968,Sampang,18300.0,0,0,0
969,Sandwippa,31136914.044585988,2,0,1
970,Sango,5199000.0,0,2,0
971,Sangsari,36000.0,0,0,0
972,Sangtam,76000.0,0,0,0
973,Sanskrit,5007800.0,2,4,0
974,Sanskrit,5007800.0,2,4,0
975,Santali,7620280.0,0,0,0
976,Saraiki,20009000.0,1,0,0
977,Saramaccan Creole,90000.0,0,0,0
978,Sasak,2100000.0,0,0,0
979,Sasak,2100000.0,0,2,0
980,Scots,1599200.0,1,1,0
981,Scots,1599200.0,1,0,0
982,Scottish Gaelic,60130.0,0,0,0
983,Seke,700.0,0,0,0
984,Seke,700.0,1,0,0
985,Sema,350000.0,0,0,0
986,Senoufo,3000000.0,1,0,0
987,Senoufo,3000000.0,1,0,0
988,Serbian,8779176.0,2,0,0
989,Serbian,8779176.0,2,2,0
990,Serbian,8779176.0,2,0,0
991,Serer,1410700.0,2,0,0
992,Serer,1410700.0,2,0,0
993,Seychellois Creole,80200.0,0,2,0
994,Shan,3295000.0,0,2,0
995,Shan,3295000.0,0,2,0
996,Shan,3295000.0,0,0,0
997,Shanghainese,14000000.0,2,0,0
998,Shanghainese,14000000.0,2,0,0
999,Shapsug,810000.0,0,0,0
1000,Sharchop,98800.0,1,0,0
1001,Sherpa,169980.0,0,2,0
1002,Sherpa,169980.0,2,0,0
1003,Sherpa,169980.0,0,0,0
1004,Shina,644200.0,0,0,0
1005,Shina,644200.0,0,0,0
1006,Shinnecock,31136914.044585988,2,3,1
1007,Shona,9037290.0,0,0,0
1008,Shuar,42300.0,0,0,0
1009,Shughni,95000.0,1,0,0
1010,Shughni,95000.0,0,0,0
1011,Shupamem,420000.0,1,0,0
1012,Sichuanese,77136760.11146498,2,0,1
1013,Sicilian,4700000.0,1,0,0
1014,Sicilian,4700000.0,2,0,0
1015,Sicilian,4700000.0,3,1,0
1016,Sicilian,4700000.0,2,0,0
1017,Sicilian,4700000.0,1,0,0
1018,Sicilian,4700000.0,1,0,0
1019,Sierra Leone Creole,5758640.0,1,0,0
1020,Sierra Leone Creole,5758640.0,1,0,0
1021,Sierra Totonac,280000.0,0,0,0
1022,Silesian,522000.0,0,0,0
1023,Sindhi,24625591.0,1,0,0
1024,Sindhi,24625591.0,0,2,0
1025,Sindhi,24625591.0,1,0,0
1026,Singlish,31136914.044585988,0,2,1
1027,Sinhalese,17287880.0,2,0,0
1028,Sinhalese,17287880.0,1,2,0
1029,Sinhalese,17287880.0,1,0,0
1030,Siwi,20000.0,0,0,0
1031,Slovak,7227240.0,1,0,0
1032,Slovak,7227240.0,1,0,0
1033,Slovak,7227240.0,1,0,0
1034,Slovak,7227240.0,1,0,0
1035,Slovenian,2226650.0,1,0,0
1036,Slovenian,2226650.0,0,0,0
1037,Slovenian,2226650.0,1,0,0
1038,Somali,16321530.0,1,0,0
1039,Songhay,31136914.044585988,1,0,1
1040,Songhay,31136914.044585988,0,0,1
1041,Soninke,2138110.0,3,0,0
1042,Soninke,2138110.0,1,0,0
1043,Sorani Kurdish,8000000.0,0,0,0
1044,South African English,31136914.044585988,2,2,1
1045,South Levantine Arabic,6700000.0,3,0,0
1046,South Levantine Arabic,6700000.0,3,0,0
1047,Southern Lazio,31136914.044585988,1,0,1
1048,Spanglish,58200000.0,4,0,1
1049,Spanglish,58200000.0,4,0,1
1050,Sranan Tongo,715700.0,0,0,0
1051,Sri Lankan English,31136914.044585988,2,0,1
1052,Sri Lankan Malay,46000.0,0,0,0
1053,Sri Lankan Tamil,3000000.0,1,0,0
1054,Sri Lankan Tamil,3000000.0,1,0,0
1055,St. Kitts Creole,39000.0,1,0,0
1056,St. Lucian Creole (English),357153.0,2,0,0
1057,St. Lucian Creole (French),357153.0,2,0,0
1058,Sudanese Arabic,31940300.0,1,2,1
1059,Sundanese,32400000.0,1,2,1
1060,Sundanese,32400000.0,2,0,1
1061,Sunwar,39760.0,1,0,0
1062,Susu,1610110.0,1,0,0
1063,Susu,1610110.0,1,0,0
1064,Svan,14071.0,0,0,0
1065,Swabian,820000.0,3,1,0
1066,Swahili,18027740.0,1,0,0
1067,Swahili,18027740.0,0,0,0
1068,Swahili,18027740.0,1,0,0
1069,Swati,4843200.0,0,2,0
1070,Swedish,12804900.0,2,0,0
1071,Swedish,12804900.0,2,2,0
1072,Swedish,12804900.0,0,1,0
1073,Swiss German,5724200.0,2,2,0
1074,Sylheti,11800000.0,2,0,0
1075,Sylheti,11800000.0,2,0,0
1076,Sylheti,11800000.0,1,0,0
1077,Sylheti,11800000.0,3,0,0
1078,Sylheti,11800000.0,2,0,0
1079,Syriac,31136914.044585988,1,4,1
1080,Syriac,31136914.044585988,1,4,1
1081,Syrian Judeo-Arabic,31136914.044585988,2,0,1
1082,Syrian Judeo-Arabic,31136914.044585988,2,0,1
1083,Syrian Judeo-Arabic,31136914.044585988,2,1,1
1084,Syro-Malankara Syriac,31136914.044585988,1,4,1
1085,Tagalog,23808890.0,2,0,0
1086,Tagalog,23808890.0,2,0,0
1087,Tagalog,23808890.0,2,0,0
1088,Tagalog,23808890.0,3,0,0
1089,Tagalog,23808890.0,4,0,0
1090,Tagalog,23808890.0,2,1,0
1091,Taishanese,2300000.0,3,0,0
1092,Taishanese,2300000.0,2,0,0
1093,Taishanese,2300000.0,2,0,0
1094,Taiwanese,16000000.0,2,0,0
1095,Taiwanese,16000000.0,3,0,0
1096,Tajik,7987320.0,2,0,0
1097,Tajik,7987320.0,2,0,0
1098,Tamang,1370000.0,0,0,0
1099,Tamang,1370000.0,2,0,0
1100,Tamil,77136760.11146498,2,0,1
1101,Tamil,77136760.11146498,1,2,1
1102,Tamil,77136760.11146498,2,0,1
1103,Tamil,77136760.11146498,2,0,1
1104,Tanchangya,22000.0,0,0,0
1105,Tangkhul,67000.0,0,0,0
1106,Tarifit,4366000.0,0,0,0
1107,Tashelhyt,7066000.0,1,0,0
1108,Tatar,5009510.0,1,1,0
1109,Tatar,5009510.0,1,0,0
1110,Tausug,946000.0,0,0,0
1111,Tawala,20000.0,0,0,0
1112,Taíno,31136914.044585988,1,3,1
1113,Tedim Chin,411000.0,0,2,0
1114,Telugu,77136760.11146498,1,0,1
1115,Telugu,77136760.11146498,3,0,1
1116,Telugu,77136760.11146498,2,0,1
1117,Tem,381300.0,1,0,0
1118,Temne,1870000.0,1,0,0
1119,Temne,1870000.0,0,0,0
1120,Temne,1870000.0,0,0,0
1121,Teochew,50462190.0,1,0,1
1122,Teochew,50462190.0,1,0,1
1123,Tepehua,8900.0,0,0,0
1124,Tetum,463500.0,0,2,0
1125,Thai,60657660.0,1,2,1
1126,Thai,60657660.0,1,2,1
1127,Thai,60657660.0,2,0,1
1128,Thai,60657660.0,1,2,1
1129,Thakali,6000.0,0,0,0
1130,Thakali,6000.0,0,0,0
1131,Tharu,2000000.0,1,0,0
1132,Tibetan,1186710.0,2,0,0
1133,Tibetan,1186710.0,1,0,0
1134,Tibetan,1186710.0,2,0,0
1135,Tibetan,1186710.0,1,4,0
1136,Tibetan,1186710.0,0,0,0
1137,Tibetan,1186710.0,1,2,0
1138,Tigre,1290000.0,1,0,0
1139,Tigrinya,7659780.0,1,0,0
1140,Tigrinya,7659780.0,1,0,0
1141,Tiv,4000000.0,0,0,0
1142,Tlapanec,37500.0,0,0,0
1143,Tlapanec,37500.0,1,0,0
1144,Tobagonian Creole,300000.0,1,0,0
1145,Tok Pisin,4125740.0,0,2,0
1146,Tokpe Gola,3500.0,0,0,0
1147,Tonga,1500000.0,0,0,0
1148,Tongan,187710.0,0,2,0
1149,Tontemboan,150000.0,0,0,0
1150,Tosk Albanian,1870730.0,2,0,0
1151,Tosk Albanian,1870730.0,2,0,0
1152,Tosk Albanian,1870730.0,2,0,0
1153,Tosk Albanian,1870730.0,1,0,0
1154,Tosk Albanian,1870730.0,2,0,0
1155,Trinidadian Creole,1390000.0,3,0,0
1156,Trinidadian Creole,1390000.0,1,0,0
1157,Trinidadian Creole,1390000.0,4,0,0
1158,Trinidadian Creole,1390000.0,4,0,0
1159,Tripuri,958000.0,0,0,0
1160,Triqui,25000.0,1,0,0
1161,Tsum,4790.0,0,0,0
1162,Tswana,13664710.0,0,2,0
1163,Tuareg,31136914.044585988,1,0,1
1164,Tulu,1850000.0,0,0,0
1165,Tumbuka,1546000.0,0,0,0
1166,Tunisian Arabic,11200000.0,1,0,0
1167,Tunisian Judeo-Arabic,46000.0,0,0,0
1168,Turkish,77136760.11146498,2,0,1
1169,Turkish,77136760.11146498,2,0,1
1170,Turkish,77136760.11146498,2,0,1
1171,Turkish,77136760.11146498,1,1,1
1172,Turkmen,6765590.0,0,0,0
1173,Turoyo Neo-Aramaic,103300.0,1,0,0
1174,Tuscan,31136914.044585988,1,1,1
1175,Tuvan,297000.0,0,0,0
1176,Twi,9000000.0,1,0,0
1177,Twi,9000000.0,3,0,0
1178,Twi,9000000.0,1,0,0
1179,Twi,9000000.0,2,0,0
1180,Tz'utujil,63200.0,0,0,0
1181,Tz'utujil,63200.0,0,0,0
1182,Tzotzil,235000.0,0,0,0
1183,Tö Tibetan,31136914.044585988,2,0,1
1184,Ukrainian,33082790.0,2,2,1
1185,Ukrainian,33082790.0,0,0,1
1186,Ukrainian,33082790.0,1,0,1
1187,Ukrainian,33082790.0,2,2,1
1188,Ukrainian,33082790.0,2,0,1
1189,Ukrainian,33082790.0,1,0,1
1190,Ulster Scots,31136914.044585988,2,1,1
1191,Umbundu,6000000.0,0,2,0
1192,Unkechaug,31136914.044585988,2,3,1
1193,Urdu,77136760.11146498,2,0,1
1194,Urdu,77136760.11146498,3,0,1
1195,Urdu,77136760.11146498,2,0,1
1196,Urdu,77136760.11146498,3,0,1
1197,Urdu,77136760.11146498,3,0,1
1198,Urdu,77136760.11146498,3,0,1
1199,Urhobo,546000.0,1,0,0
1200,Uruguayan Spanish,31136914.044585988,1,0,1
1201,Uyghur,10100000.0,0,0,0
1202,Uyghur,10100000.0,1,0,0
1203,Uzbek,25164820.0,2,0,0
1204,Uzbek,25164820.0,1,0,0
1205,Uzbek,25164820.0,3,0,0
1206,Vai,186800.0,1,0,0
1207,Venetian,7852500.0,0,1,0
1208,Venezuelan Spanish,30000000.0,2,0,0
1209,Vietnamese,76950770.0,2,0,1
1210,Vietnamese,76950770.0,2,0,1
1211,Vietnamese,76950770.0,2,0,1
1212,Vietnamese,76950770.0,2,0,1
1213,Vincentian Creole,117000.0,2,0,0
1214,Virgin Islands Creole,76000.0,1,0,0
1215,Volga Tatar,5009510.0,0,0,0
1216,Wa,900000.0,0,0,0
1217,Wa,900000.0,0,2,0
1218,Wa,900000.0,0,2,0
1219,Wakhi,58000.0,0,0,0
1220,Wali,140000.0,0,0,0
1221,Walloon,600000.0,0,1,0
1222,Walung,3500.0,0,0,0
1223,Waray-Waray,2611110.0,0,0,0
1224,Welsh,573050.0,0,0,0
1225,Wenzhounese,8000000.0,2,0,0
1226,Wenzhounese,8000000.0,2,0,0
1227,Wenzhounese,8000000.0,3,0,0
1228,West Ambae,13700.0,0,2,0
1229,Western Armenian,3843000.0,2,0,0
1230,Western Armenian,3843000.0,3,0,0
1231,Western Armenian,3843000.0,1,0,0
1232,Western Armenian,3843000.0,0,2,0
1233,Western Armenian,3843000.0,1,1,0
1234,Western Yiddish,31136914.044585988,0,1,1
1235,Winnebago,250.0,0,1,0
1236,Wolof,5267290.0,1,0,0
1237,Wolof,5267290.0,2,0,0
1238,Wolof,5267290.0,2,0,0
1239,Xhosa,19183300.0,0,2,0
1240,Yakan,130000.0,0,0,0
1241,Yakut,450000.0,0,0,0
1242,Yemba,300000.0,1,0,0
1243,Yemeni Arabic,26453300.0,1,0,0
1244,Yemeni Arabic,26453300.0,3,0,0
1245,Yemeni Arabic,26453300.0,2,0,0
1246,Yemenite Judeo-Arabic,50300.0,2,0,0
1247,Yiddish,367357.0,1,0,0
1248,Yiddish,367357.0,1,0,0
1249,Yiddish,367357.0,4,1,0
1250,Yiddish,367357.0,2,2,0
1251,Yiddish,367357.0,4,1,0
1252,Yoruba,39844260.0,2,0,1
1253,Yoruba,39844260.0,1,0,1
1254,Yoruba,39844260.0,2,0,1
1255,Yoruba,39844260.0,2,0,1
1256,Yunnanese,45966239.0,1,0,1
1257,Zacaptec Mixtec,1500.0,1,0,0
1258,Zaghawa,316660.0,0,0,0
1259,Zapotec,441182.0,1,0,0
1260,Zapotec,441182.0,1,0,0
1261,Zapotec,441182.0,0,0,0
1262,Zapotec,441182.0,0,0,0
1263,Zapotec,441182.0,0,0,0
1264,Zarma,3680100.0,0,0,0
1265,Zaza,1344000.0,0,2,0
1266,Zoroastrian Dari,8000.0,0,2,0
1267,Zulu,12000000.0,0,2,0
1268,Zuwara,31136914.044585988,0,0,1
1269,Ü-Tsang Tibetan,31136914.044585988,2,0,1
